id;name;location_name;location
1;capability;morph;motivating Auto Loan Account
2;International;Metal Response XSS;complexity Tajikistan
3;withdrawal;index cutting-edge Checking Account;Cheese
4;Towels;engineer;Pants payment
5;Auto Loan Account;application Developer Ridge;methodologies
6;disintermediate withdrawal Strategist;back-end CSS Intelligent Metal Bacon;SQL azure
7;Trinidad and Tobago Dollar;out-of-the-box European Unit of Account 9(E.U.A.-9) invoice;bypass
8;Internal Syrian Pound online;Checking Account deposit;extranet Singapore Dollar
9;Chicken withdrawal;bluetooth;Industrial deposit
10;XSS Computers Music;Senior Alabama;program New Leu primary
